---
title: mysql - 函数
---

# 函数

从函数的角度出发，分为`内置函数`与`自定义函数`

单行函数与聚合函数就是 SQL 的内置函数

## 单行函数

::: warning 说明

1. 操作数据对象
2. 接收参数返回一个结果
3. 只对一行进行变换
4. 每行返回一个结果
5. 可以嵌套
6. 参数可以是一列或一个值

:::

在 SQL 中可以使用函数对检索出来的数据进行函数操作

使用这些函数可以极大提高用户对数据库的管理效率

![01](./img/function/01.png)

### 数值函数

#### 基本函数

| 函数                | 用法                                                                    |
| :------------------ | ----------------------------------------------------------------------- |
| ABS(x)              | 返回 x 的绝对值                                                         |
| SIGN(X)             | 返回 X 的符号。正数返回 1，负数返回-1，0 返回 0                         |
| PI()                | 返回圆周率的值                                                          |
| CEIL(x)，CEILING(x) | 返回大于或等于某个值的最小整数                                          |
| FLOOR(x)            | 返回小于或等于某个值的最大整数                                          |
| LEAST(e1,e2,e3…)    | 返回列表中的最小值                                                      |
| GREATEST(e1,e2,e3…) | 返回列表中的最大值                                                      |
| MOD(x,y)            | 返回 X 除以 Y 后的余数                                                  |
| RAND()              | 返回 0~1 的随机值                                                       |
| RAND(x)             | 返回 0~1 的随机值，其中 x 的值用作种子值，相同的 X 值会产生相同的随机数 |
| ROUND(x)            | 返回一个对 x 的值进行四舍五入后，最接近于 X 的整数                      |
| ROUND(x,y)          | 返回一个对 x 的值进行四舍五入后最接近 X 的值，并保留到小数点后面 Y 位   |
| TRUNCATE(x,y)       | 返回数字 x 截断为 y 位小数的结果                                        |
| SQRT(x)             | 返回 x 的平方根。当 X 的值为负数时，返回 NULL                           |

::: code-group

```bash [示例 1]
mysql> SELECT
    -> ABS(-123),ABS(32),SIGN(-23),SIGN(43),PI(),CEIL(32.32),CEILING(-43.23),FLOOR(32.32),
    -> FLOOR(-43.23),MOD(12,5)
    -> FROM DUAL;
+-----------+---------+-----------+----------+----------+-------------+-----------------+--------------+---------------+-----------+
| ABS(-123) | ABS(32) | SIGN(-23) | SIGN(43) | PI()     | CEIL(32.32) | CEILING(-43.23) | FLOOR(32.32) | FLOOR(-43.23) | MOD(12,5) |
+-----------+---------+-----------+----------+----------+-------------+-----------------+--------------+---------------+-----------+
|       123 |      32 |        -1 |        1 | 3.141593 |          33 |             -43 |           32 |           -44 |         2 |
+-----------+---------+-----------+----------+----------+-------------+-----------------+--------------+---------------+-----------+
1 row in set (0.02 sec)
```

```bash [示例 2]
mysql> SELECT RAND(),RAND(),RAND(10),RAND(10),RAND(-1),RAND(-1)
    -> FROM DUAL;
+--------------------+--------------------+--------------------+--------------------+--------------------+--------------------+
| RAND()             | RAND()             | RAND(10)           | RAND(10)           | RAND(-1)           | RAND(-1)           |
+--------------------+--------------------+--------------------+--------------------+--------------------+--------------------+
| 0.6368513485759975 | 0.3500276481267322 | 0.6570515219653505 | 0.6570515219653505 | 0.9050373219931845 | 0.9050373219931845 |
+--------------------+--------------------+--------------------+--------------------+--------------------+--------------------+
1 row in set (0.01 sec)
```

```bash [示例 3]
mysql> SELECT
    -> ROUND(12.33),ROUND(12.343,2),ROUND(12.324,-1),TRUNCATE(12.66,1),TRUNCATE(12.66,-1)
    -> FROM DUAL;
+--------------+-----------------+------------------+-------------------+--------------------+
| ROUND(12.33) | ROUND(12.343,2) | ROUND(12.324,-1) | TRUNCATE(12.66,1) | TRUNCATE(12.66,-1) |
+--------------+-----------------+------------------+-------------------+--------------------+
|           12 |           12.34 |               10 |              12.6 |                 10 |
+--------------+-----------------+------------------+-------------------+--------------------+
1 row in set (0.01 sec)
```

:::

#### 角度与弧度互换函数

| 函数       | 用法                                    |
| :--------- | --------------------------------------- |
| RADIANS(x) | 将角度转化为弧度，其中，参数 x 为角度值 |
| DEGREES(x) | 将弧度转化为角度，其中，参数 x 为弧度值 |

```bash
mysql> SELECT RADIANS(30),RADIANS(60),RADIANS(90),DEGREES(2*PI()),DEGREES(RADIANS(90))
    -> FROM DUAL;
+--------------------+--------------------+--------------------+-----------------+----------------------+
| RADIANS(30)        | RADIANS(60)        | RADIANS(90)        | DEGREES(2*PI()) | DEGREES(RADIANS(90)) |
+--------------------+--------------------+--------------------+-----------------+----------------------+
| 0.5235987755982988 | 1.0471975511965976 | 1.5707963267948966 |             360 |                   90 |
+--------------------+--------------------+--------------------+-----------------+----------------------+
1 row in set (0.01 sec)
```

#### 三角函数

基本上没有用到，后面用到再来详细补充

| 函数       | 用法                                                                             |
| :--------- | -------------------------------------------------------------------------------- |
| SIN(x)     | 返回 x 的正弦值，其中，参数 x 为弧度值                                           |
| ASIN(x)    | 返回 x 的反正弦值，即获取正弦为 x 的值。如果 x 的值不在-1 到 1 之间，则返回 NULL |
| COS(x)     | 返回 x 的余弦值，其中，参数 x 为弧度值                                           |
| ACOS(x)    | 返回 x 的反余弦值，即获取余弦为 x 的值。如果 x 的值不在-1 到 1 之间，则返回 NULL |
| TAN(x)     | 返回 x 的正切值，其中，参数 x 为弧度值                                           |
| ATAN(x)    | 返回 x 的反正切值，即返回正切值为 x 的值                                         |
| ATAN2(m,n) | 返回两个参数的反正切值                                                           |
| COT(x)     | 返回 x 的余切值，其中，X 为弧度值                                                |

#### 指数与对数

| 函数                 | 用法                                                       |
| :------------------- | ---------------------------------------------------------- |
| POW(x,y)，POWER(X,Y) | 返回 x 的 y 次方                                           |
| EXP(X)               | 返回 e 的 X 次方，其中 e 是一个常数，2.718281828459045     |
| LN(X)，LOG(X)        | 返回以 e 为底的 X 的对数，当 X <= 0 时，返回的结果为 NULL  |
| LOG10(X)             | 返回以 10 为底的 X 的对数，当 X <= 0 时，返回的结果为 NULL |
| LOG2(X)              | 返回以 2 为底的 X 的对数，当 X <= 0 时，返回 NULL          |

```bash
mysql>  SELECT POW(2,5),POWER(2,4),EXP(2),LN(10),LOG10(10),LOG2(4) FROM DUAL;
+----------+------------+------------------+-------------------+-----------+---------+
| POW(2,5) | POWER(2,4) | EXP(2)           | LN(10)            | LOG10(10) | LOG2(4) |
+----------+------------+------------------+-------------------+-----------+---------+
|       32 |         16 | 7.38905609893065 | 2.302585092994046 |         1 |       2 |
+----------+------------+------------------+-------------------+-----------+---------+
1 row in set (0.00 sec)
```

#### 进制间转换

| 函数          | 用法                         |
| :------------ | ---------------------------- |
| BIN(x)        | 返回 x 的二进制编码          |
| HEX(x)        | 返回 x 的十六进制编码        |
| OCT(x)        | 返回 x 的八进制编码          |
| CONV(x,f1,f2) | 返回 f1 进制数变成 f2 进制数 |

```bash
mysql> SELECT BIN(10),HEX(10),OCT(10),CONV(10,2,8) FROM DUAL;
+---------+---------+---------+--------------+
| BIN(10) | HEX(10) | OCT(10) | CONV(10,2,8) |
+---------+---------+---------+--------------+
| 1010    | A       | 12      | 2            |
+---------+---------+---------+--------------+
1 row in set (0.01 sec)
```

### 字符串函数

::: danger 警告
字符串中的位置是从 1 开始的
:::

| 函数                             | 用法                                                                                                                   |
| :------------------------------- | ---------------------------------------------------------------------------------------------------------------------- |
| ASCII(S)                         | 返回字符串 S 中的第一个字符的 ASCII 码值                                                                               |
| CHAR_LENGTH(s)                   | 返回字符串 s 的字符数。作用与 CHARACTER_LENGTH(s)相同                                                                  |
| LENGTH(s)                        | 返回字符串 s 的字节数，和字符集有关                                                                                    |
| CONCAT(s1,s2,......,sn)          | 连接 s1,s2,......,sn 为一个字符串                                                                                      |
| CONCAT_WS(x,s1,s2,......,sn)     | 同 CONCAT(s1,s2,...)函数，但是每个字符串之间要加上 x                                                                   |
| INSERT(str, idx, len,replacestr) | 将字符串 str 从第 idx 位置开始，len 个字符长的子串替换为字符串 replacestr                                              |
| REPLACE(str, a, b)               | 用字符串 b 替换字符串 str 中所有出现的字符串 a                                                                         |
| UPPER(s) 或 UCASE(s)             | 将字符串 s 的所有字母转成大写字母                                                                                      |
| LOWER(s) 或 LCASE(s)             | 将字符串 s 的所有字母转成小写字母                                                                                      |
| LEFT(str,n)                      | 返回字符串 str 最左边的 n 个字符                                                                                       |
| RIGHT(str,n)                     | 返回字符串 str 最右边的 n 个字符                                                                                       |
| LPAD(str, len, pad)              | 用字符串 pad 对 str 最左边进行填充，直到 str 的长度为 len 个字符                                                       |
| RPAD(str ,len, pad)              | 用字符串 pad 对 str 最右边进行填充，直到 str 的长度为 len 个字符                                                       |
| LTRIM(s)                         | 去掉字符串 s 左侧的空格                                                                                                |
| RTRIM(s)                         | 去掉字符串 s 右侧的空格                                                                                                |
| TRIM(s)                          | 去掉字符串 s 开始与结尾的空格                                                                                          |
| TRIM(s1 FROM s)                  | 去掉字符串 s 开始与结尾的 s1                                                                                           |
| TRIM(LEADING s1 FROM s)          | 去掉字符串 s 开始处的 s1                                                                                               |
| TRIM(TRAILING s1 FROM s)         | 去掉字符串 s 结尾处的 s1                                                                                               |
| REPEAT(str, n)                   | 返回 str 重复 n 次的结果                                                                                               |
| SPACE(n)                         | 返回 n 个空格                                                                                                          |
| STRCMP(s1,s2)                    | 比较字符串 s1,s2 的 ASCII 码值的大小                                                                                   |
| SUBSTR(s,index,len)              | 返回从字符串 s 的 index 位置其 len 个字符，作用与 SUBSTRING(s,n,len)、MID(s,n,len)相同                                 |
| LOCATE(substr,str)               | 返回字符串 substr 在字符串 str 中首次出现的位置，作用于 POSITION(substr IN str)、INSTR(str,substr)相同。未找到，返回 0 |
| ELT(m,s1,s2,…,sn)                | 返回指定位置的字符串，如果 m=1，则返回 s1，如果 m=2，则返回 s2，如果 m=n，则返回 sn                                    |
| FIELD(s,s1,s2,…,sn)              | 返回字符串 s 在字符串列表中第一次出现的位置                                                                            |
| FIND_IN_SET(s1,s2)               | 返回字符串 s1 在字符串 s2 中出现的位置。其中，字符串 s2 是一个以逗号分隔的字符串                                       |
| REVERSE(s)                       | 返回 s 反转后的字符串                                                                                                  |
| NULLIF(value1,value2)            | 比较两个字符串，如果 value1 与 value2 相等，则返回 NULL，否则返回 value1                                               |

示例：

::: code-group

```bash [示例 1]
mysql> SELECT FIELD('mm','hello','msm','amma'),FIND_IN_SET('mm','hello,mm,amma') FROM DUAL;

+----------------------------------+-----------------------------------+
| FIELD('mm','hello','msm','amma') | FIND_IN_SET('mm','hello,mm,amma') |
+----------------------------------+-----------------------------------+
|                                0 |                                 2 |
+----------------------------------+-----------------------------------+
1 row in set (0.01 sec)
```

```bash [示例 2]
mysql> SELECT NULLIF('mysql','mysql'),NULLIF('mysql', '');

+-------------------------+---------------------+
| NULLIF('mysql','mysql') | NULLIF('mysql', '') |
+-------------------------+---------------------+
| NULL                    | mysql               |
+-------------------------+---------------------+
1 row in set (0.00 sec)
```

:::

### 日期和时间函数

#### 获取日期、时间

| 函数                                                                     | 用法                           |
| :----------------------------------------------------------------------- | ------------------------------ |
| CURDATE() ，CURRENT_DATE()                                               | 返回当前日期，只包含年、月、日 |
| CURTIME() ， CURRENT_TIME()                                              | 返回当前时间，只包含时、分、秒 |
| NOW() / SYSDATE() / CURRENT_TIMESTAMP() / LOCALTIME() / LOCALTIMESTAMP() | 返回当前系统日期和时间         |
| UTC_DATE()                                                               | 返回 UTC（世界标准时间）日期   |
| UTC_TIME()                                                               | 返回 UTC（世界标准时间）时间   |

```bash
mysql> SELECT
    -> CURDATE(),CURTIME(),NOW(),SYSDATE()+0,UTC_DATE(),UTC_DATE()+0,UTC_TIME(),UTC_TIME()+0
    -> FROM DUAL;

+------------+-----------+---------------------+----------------+------------+--------------+------------+--------------+
| CURDATE()  | CURTIME() | NOW()               | SYSDATE()+0    | UTC_DATE() | UTC_DATE()+0 | UTC_TIME() | UTC_TIME()+0 |
+------------+-----------+---------------------+----------------+------------+--------------+------------+--------------+
| 2024-06-04 | 01:02:48  | 2024-06-04 01:02:48 | 20240604010248 | 2024-06-03 |     20240603 | 17:02:48   |       170248 |
+------------+-----------+---------------------+----------------+------------+--------------+------------+--------------+
1 row in set (0.00 sec)
```

#### 日期与时间戳的转换

| 函数                     | 用法                                                                   |
| :----------------------- | ---------------------------------------------------------------------- |
| UNIX_TIMESTAMP()         | 以 UNIX 时间戳的形式返回当前时间。SELECT UNIX_TIMESTAMP() ->1634348884 |
| UNIX_TIMESTAMP(date)     | 将时间 date 以 UNIX 时间戳的形式返回                                   |
| FROM_UNIXTIME(timestamp) | 将 UNIX 时间戳的时间转换为普通格式的时间                               |

```bash
mysql> SELECT UNIX_TIMESTAMP(now()), UNIX_TIMESTAMP(),FROM_UNIXTIME(1717434423);

+-----------------------+------------------+---------------------------+
| UNIX_TIMESTAMP(now()) | UNIX_TIMESTAMP() | FROM_UNIXTIME(1717434423) |
+-----------------------+------------------+---------------------------+
|            1717434448 |       1717434448 | 2024-06-04 01:07:03       |
+-----------------------+------------------+---------------------------+
```
