---
title: mysql - 运算符
---

# 运算符

## 算符运算符

**加减**

```bash
mysql> SELECT 100, 100 + 0, 100 - 0, 100 + 50, 100 + 50 -30, 100 + 35.5, 100 - 35.5
    -> FROM dual;
+-----+---------+---------+----------+--------------+------------+------------+
| 100 | 100 + 0 | 100 - 0 | 100 + 50 | 100 + 50 -30 | 100 + 35.5 | 100 - 35.5 |
+-----+---------+---------+----------+--------------+------------+------------+
| 100 |     100 |     100 |      150 |          120 |      135.5 |       64.5 |
+-----+---------+---------+----------+--------------+------------+------------+
1 row in set (0.01 sec)
```

::: danger 总结

1. 一个整数类型的值对证书进行加减法操作，结果还是一个整数
2. 一个整数类型对浮点数进行加法和减法操作，结果还是一个浮点数
3. 加法和减法的优先级相同
4. mysql 中 + 只表示数值相加
5. 如果遇到非数值类型，会尝试转换成数值，如果转换失败，就按照 0 计算
6. mysql 中字符串拼接使用字符串函数（concat() 实现）
:::

**乘除**

```bash
mysql> SELECT 100, 100 * 1, 100 * 1.0, 100 / 1.0, 100 / 2,100 + 2 * 5 / 2,100 /3, 100
    -> DIV 0 FROM dual;
+-----+---------+-----------+-----------+---------+-----------------+---------+-----------+
| 100 | 100 * 1 | 100 * 1.0 | 100 / 1.0 | 100 / 2 | 100 + 2 * 5 / 2 | 100 /3  | 100
DIV 0 |
+-----+---------+-----------+-----------+---------+-----------------+---------+-----------+
| 100 |     100 |     100.0 |  100.0000 | 50.0000 |        105.0000 | 33.3333 |      NULL |
+-----+---------+-----------+-----------+---------+-----------------+---------+-----------+
1 row in set, 1 warning (0.01 sec)
```

::: info

1. 一个数乘以整数1和除以整数1后仍得原数
2. 一个数乘以浮点数1和除以浮点数1后变成浮点数，数值与原数相等
3. 一个数除以整数后，不管是否能除尽，结果都为一个浮点数
4. 一个数除以另一个数，除不尽时，结果为一个浮点数，并保留到小数点后4位
5. 乘法和除法的优先级相同，进行先乘后除操作与先除后乘操作，得出的结果相同
6. 在数学运算中，0不能用作除数，在MySQL中，一个数除以0为NULL
:::

**求余**

```bash
mysql> SELECT 12 % 3, 12 MOD 5 FROM dual;
+--------+----------+
| 12 % 3 | 12 MOD 5 |
+--------+----------+
|      0 |        2 |
+--------+----------+
1 row in set (0.00 sec)
```

筛选出 employee_id 是偶数的员工

```sql
SELECT * FROM employees
WHERE employee_id MOD 2 = 0;
```

## 比较运算符
